patient,ef_pipeline,ef_reference,error
patient0001,62.4,54.0,8.4
patient0002,40.0,40.0,0.0
patient0003,50.7,51.0,-0.3
patient0004,53.2,56.0,-2.8
patient0005,52.5,46.0,6.5
patient0006,51.4,49.0,2.4
patient0007,51.1,42.0,9.1
patient0008,17.8,29.0,-11.2
patient0009,20.9,25.0,-4.1
patient0010,42.2,50.0,-7.8
patient0011,44.2,33.0,11.2
patient0012,54.8,47.0,7.8
patient0013,44.7,35.0,9.7
patient0014,53.7,51.0,2.7
patient0015,63.3,52.0,11.3
patient0016,51.3,50.0,1.3
patient0017,56.7,58.0,-1.3
patient0018,54.3,56.0,-1.7
patient0019,41.2,33.0,8.2
patient0020,48.8,42.0,6.8
patient0021,73.7,75.0,-1.3
patient0022,43.6,46.0,-2.4
patient0023,64.3,69.0,-4.7
patient0024,56.0,50.0,6.0
patient0025,41.6,32.0,9.6
patient0026,30.8,26.0,4.8
patient0028,44.3,42.0,2.3
patient0029,36.7,30.0,6.7
patient0030,24.7,20.0,4.7
patient0031,37.7,43.0,-5.3
patient0032,29.6,27.0,2.6
patient0033,58.3,60.0,-1.7
patient0034,24.1,22.0,2.1
patient0035,47.3,48.0,-0.7
patient0036,24.9,21.0,3.9
patient0037,43.9,49.0,-5.1
patient0038,28.1,21.0,7.1
patient0039,42.0,58.0,-16.0
patient0040,39.6,36.0,3.6
patient0041,29.2,29.0,0.2
patient0042,33.4,23.0,10.4
patient0043,61.3,61.0,0.3
patient0044,33.5,43.0,-9.5
patient0045,38.1,38.0,0.1
patient0046,31.1,41.0,-9.9
patient0048,57.4,54.0,3.4
patient0049,38.4,51.0,-12.6
patient0050,47.8,52.0,-4.2
patient0053,23.0,21.0,2.0
patient0054,42.9,39.0,3.9
