patient,frame,cycle_position,dice_baseline,dice_propagated
patient0200,0,0.0,1.0,1.0
patient0200,1,0.0476,0.9906,0.9906
patient0200,2,0.0952,0.9806,0.9804
patient0200,3,0.1429,0.9707,0.9675
patient0200,4,0.1905,0.9611,0.956
patient0200,5,0.2381,0.951,0.9518
patient0200,6,0.2857,0.9406,0.9573
patient0200,7,0.3333,0.9306,0.9577
patient0200,8,0.381,0.9202,0.951
patient0200,9,0.4286,0.91,0.9476
patient0200,10,0.4762,0.8995,0.9459
patient0200,11,0.5238,0.889,0.9418
patient0200,12,0.5714,0.8782,0.9398
patient0200,13,0.619,0.867,0.9348
patient0200,14,0.6667,0.856,0.9302
patient0200,15,0.7143,0.8457,0.9263
patient0200,16,0.7619,0.8339,0.9222
patient0200,17,0.8095,0.8234,0.9194
patient0200,18,0.8571,0.8122,0.9192
patient0200,19,0.9048,0.8007,0.9176
patient0200,20,0.9524,0.7886,0.9226
patient0200,21,1.0,0.7779,0.9242
patient0206,0,0.0,1.0,1.0
patient0206,1,0.0476,0.9887,0.9843
patient0206,2,0.0952,0.9767,0.9713
patient0206,3,0.1429,0.9655,0.961
patient0206,4,0.1905,0.9536,0.953
patient0206,5,0.2381,0.9414,0.9488
patient0206,6,0.2857,0.9299,0.948
patient0206,7,0.3333,0.9177,0.9483
patient0206,8,0.381,0.9052,0.9496
patient0206,9,0.4286,0.893,0.9493
patient0206,10,0.4762,0.8806,0.9461
patient0206,11,0.5238,0.8678,0.9439
patient0206,12,0.5714,0.8552,0.9418
patient0206,13,0.619,0.8422,0.9394
patient0206,14,0.6667,0.8295,0.9374
patient0206,15,0.7143,0.8166,0.9359
patient0206,16,0.7619,0.8034,0.9341
patient0206,17,0.8095,0.7898,0.9338
patient0206,18,0.8571,0.7767,0.9323
patient0206,19,0.9048,0.7634,0.9305
patient0206,20,0.9524,0.7493,0.9242
patient0206,21,1.0,0.736,0.9159
patient0230,0,0.0,1.0,1.0
patient0230,1,0.0625,0.9927,0.9921
patient0230,2,0.125,0.985,0.9892
patient0230,3,0.1875,0.9777,0.9842
patient0230,4,0.25,0.9701,0.9804
patient0230,5,0.3125,0.9623,0.9744
patient0230,6,0.375,0.9551,0.9682
patient0230,7,0.4375,0.9475,0.9648
patient0230,8,0.5,0.9397,0.9579
patient0230,9,0.5625,0.9323,0.9551
patient0230,10,0.625,0.9246,0.9505
patient0230,11,0.6875,0.9168,0.9496
patient0230,12,0.75,0.9091,0.9499
patient0230,13,0.8125,0.9013,0.9521
patient0230,14,0.875,0.8933,0.9571
patient0230,15,0.9375,0.8855,0.9674
patient0230,16,1.0,0.8775,0.9654
patient0232,0,0.0,1.0,1.0
patient0232,1,0.0417,0.9926,0.9922
patient0232,2,0.0833,0.9854,0.988
patient0232,3,0.125,0.9789,0.9872
patient0232,4,0.1667,0.9716,0.9856
patient0232,5,0.2083,0.9643,0.9835
patient0232,6,0.25,0.9572,0.9844
patient0232,7,0.2917,0.9504,0.9829
patient0232,8,0.3333,0.9432,0.9816
patient0232,9,0.375,0.9359,0.9794
patient0232,10,0.4167,0.929,0.9795
patient0232,11,0.4583,0.9216,0.9788
patient0232,12,0.5,0.9146,0.9765
patient0232,13,0.5417,0.9071,0.9743
patient0232,14,0.5833,0.9001,0.9737
patient0232,15,0.625,0.893,0.972
patient0232,16,0.6667,0.8858,0.9682
patient0232,17,0.7083,0.8784,0.9658
patient0232,18,0.75,0.8711,0.9632
patient0232,19,0.7917,0.864,0.9605
patient0232,20,0.8333,0.8568,0.9588
patient0232,21,0.875,0.8494,0.9583
patient0232,22,0.9167,0.842,0.9555
patient0232,23,0.9583,0.8351,0.9517
patient0232,24,1.0,0.8273,0.9489
patient0233,0,0.0,1.0,1.0
patient0233,1,0.05,0.9865,0.9873
patient0233,2,0.1,0.9731,0.9809
patient0233,3,0.15,0.9598,0.9797
patient0233,4,0.2,0.9458,0.9758
patient0233,5,0.25,0.9319,0.9693
patient0233,6,0.3,0.918,0.9603
patient0233,7,0.35,0.9032,0.9516
patient0233,8,0.4,0.8888,0.9422
patient0233,9,0.45,0.8742,0.9349
patient0233,10,0.5,0.8589,0.9299
patient0233,11,0.55,0.8437,0.9265
patient0233,12,0.6,0.8288,0.9226
patient0233,13,0.65,0.8127,0.9187
patient0233,14,0.7,0.7972,0.9158
patient0233,15,0.75,0.7812,0.9116
patient0233,16,0.8,0.7649,0.906
patient0233,17,0.85,0.748,0.9039
patient0233,18,0.9,0.7319,0.9058
patient0233,19,0.95,0.7147,0.9071
patient0233,20,1.0,0.6979,0.8944
patient0235,0,0.0,1.0,1.0
patient0235,1,0.05,0.9864,0.9873
patient0235,2,0.1,0.9726,0.9833
patient0235,3,0.15,0.9588,0.9814
patient0235,4,0.2,0.9454,0.9815
patient0235,5,0.25,0.9308,0.9828
patient0235,6,0.3,0.916,0.9805
patient0235,7,0.35,0.902,0.9788
patient0235,8,0.4,0.8873,0.9775
patient0235,9,0.45,0.8726,0.975
patient0235,10,0.5,0.8574,0.9742
patient0235,11,0.55,0.8424,0.9718
patient0235,12,0.6,0.8274,0.9655
patient0235,13,0.65,0.8115,0.96
patient0235,14,0.7,0.7964,0.9558
patient0235,15,0.75,0.7806,0.9516
patient0235,16,0.8,0.7647,0.9465
patient0235,17,0.85,0.7493,0.9432
patient0235,18,0.9,0.733,0.9296
patient0235,19,0.95,0.7166,0.9166
patient0235,20,1.0,0.7002,0.9084
patient0236,0,0.0,1.0,1.0
patient0236,1,0.0476,0.9892,0.9867
patient0236,2,0.0952,0.9786,0.9818
patient0236,3,0.1429,0.9675,0.977
patient0236,4,0.1905,0.9561,0.9735
patient0236,5,0.2381,0.9448,0.9759
patient0236,6,0.2857,0.9338,0.9779
patient0236,7,0.3333,0.922,0.9769
patient0236,8,0.381,0.9105,0.9763
patient0236,9,0.4286,0.8992,0.9745
patient0236,10,0.4762,0.8873,0.9716
patient0236,11,0.5238,0.8753,0.9693
patient0236,12,0.5714,0.8635,0.9681
patient0236,13,0.619,0.8505,0.9636
patient0236,14,0.6667,0.8387,0.9567
patient0236,15,0.7143,0.8269,0.9545
patient0236,16,0.7619,0.8142,0.9494
patient0236,17,0.8095,0.8021,0.9482
patient0236,18,0.8571,0.7895,0.9485
patient0236,19,0.9048,0.777,0.9521
patient0236,20,0.9524,0.7639,0.9522
patient0236,21,1.0,0.7508,0.9469
patient0244,0,0.0,1.0,1.0
patient0244,1,0.0667,0.9878,0.9914
patient0244,2,0.1333,0.9756,0.9832
patient0244,3,0.2,0.9632,0.9808
patient0244,4,0.2667,0.9504,0.9782
patient0244,5,0.3333,0.9377,0.9756
patient0244,6,0.4,0.9248,0.9723
patient0244,7,0.4667,0.9118,0.969
patient0244,8,0.5333,0.8985,0.9695
patient0244,9,0.6,0.8849,0.9716
patient0244,10,0.6667,0.8714,0.9737
patient0244,11,0.7333,0.8571,0.9749
patient0244,12,0.8,0.8433,0.9774
patient0244,13,0.8667,0.8289,0.9757
patient0244,14,0.9333,0.8145,0.9693
patient0244,15,1.0,0.7994,0.959
patient0245,0,0.0,1.0,1.0
patient0245,1,0.0526,0.9899,0.9754
patient0245,2,0.1053,0.98,0.9555
patient0245,3,0.1579,0.9698,0.9451
patient0245,4,0.2105,0.9601,0.9429
patient0245,5,0.2632,0.9495,0.9411
patient0245,6,0.3158,0.9394,0.9315
patient0245,7,0.3684,0.9283,0.919
patient0245,8,0.4211,0.918,0.9085
patient0245,9,0.4737,0.9072,0.8906
patient0245,10,0.5263,0.8968,0.8725
patient0245,11,0.5789,0.8859,0.8548
patient0245,12,0.6316,0.8749,0.8374
patient0245,13,0.6842,0.8638,0.8157
patient0245,14,0.7368,0.8526,0.798
patient0245,15,0.7895,0.8416,0.7865
patient0245,16,0.8421,0.8305,0.8274
patient0245,17,0.8947,0.8189,0.8965
patient0245,18,0.9474,0.8076,0.9321
patient0245,19,1.0,0.7962,0.926
patient0247,0,0.0,1.0,1.0
patient0247,1,0.0588,0.9864,0.9862
patient0247,2,0.1176,0.9726,0.9754
patient0247,3,0.1765,0.9587,0.9692
patient0247,4,0.2353,0.9444,0.9665
patient0247,5,0.2941,0.9305,0.9631
patient0247,6,0.3529,0.9165,0.9606
patient0247,7,0.4118,0.9022,0.9572
patient0247,8,0.4706,0.8875,0.9538
patient0247,9,0.5294,0.8729,0.9517
patient0247,10,0.5882,0.8587,0.9469
patient0247,11,0.6471,0.8439,0.9425
patient0247,12,0.7059,0.8287,0.9365
patient0247,13,0.7647,0.814,0.9315
patient0247,14,0.8235,0.7991,0.9231
patient0247,15,0.8824,0.784,0.9154
patient0247,16,0.9412,0.7687,0.9058
patient0247,17,1.0,0.7538,0.8947
patient0249,0,0.0,1.0,1.0
patient0249,1,0.0588,0.9854,0.9858
patient0249,2,0.1176,0.9703,0.9781
patient0249,3,0.1765,0.9554,0.9713
patient0249,4,0.2353,0.9401,0.9639
patient0249,5,0.2941,0.9242,0.9595
patient0249,6,0.3529,0.9088,0.9515
patient0249,7,0.4118,0.8929,0.9475
patient0249,8,0.4706,0.8767,0.9433
patient0249,9,0.5294,0.8614,0.9386
patient0249,10,0.5882,0.8448,0.9358
patient0249,11,0.6471,0.8286,0.9373
patient0249,12,0.7059,0.812,0.9425
patient0249,13,0.7647,0.7948,0.9465
patient0249,14,0.8235,0.7781,0.9454
patient0249,15,0.8824,0.7607,0.946
patient0249,16,0.9412,0.7438,0.9434
patient0249,17,1.0,0.7244,0.9377
patient0250,0,0.0,1.0,1.0
patient0250,1,0.0588,0.989,0.9855
patient0250,2,0.1176,0.978,0.9771
patient0250,3,0.1765,0.9667,0.9703
patient0250,4,0.2353,0.9555,0.9627
patient0250,5,0.2941,0.944,0.9585
patient0250,6,0.3529,0.9325,0.9592
patient0250,7,0.4118,0.921,0.9604
patient0250,8,0.4706,0.9091,0.9572
patient0250,9,0.5294,0.8971,0.9537
patient0250,10,0.5882,0.8855,0.9468
patient0250,11,0.6471,0.8736,0.9371
patient0250,12,0.7059,0.8615,0.9328
patient0250,13,0.7647,0.8494,0.9309
patient0250,14,0.8235,0.8371,0.9301
patient0250,15,0.8824,0.8248,0.9283
patient0250,16,0.9412,0.8124,0.924
patient0250,17,1.0,0.7997,0.9217
patient0253,0,0.0,1.0,1.0
patient0253,1,0.0526,0.9876,0.9875
patient0253,2,0.1053,0.975,0.9776
patient0253,3,0.1579,0.9624,0.9607
patient0253,4,0.2105,0.9496,0.9499
patient0253,5,0.2632,0.9367,0.9427
patient0253,6,0.3158,0.9238,0.9393
patient0253,7,0.3684,0.9107,0.9369
patient0253,8,0.4211,0.8973,0.9347
patient0253,9,0.4737,0.8836,0.9378
patient0253,10,0.5263,0.8701,0.9417
patient0253,11,0.5789,0.8564,0.9468
patient0253,12,0.6316,0.8424,0.9442
patient0253,13,0.6842,0.8284,0.9432
patient0253,14,0.7368,0.814,0.9443
patient0253,15,0.7895,0.7999,0.9466
patient0253,16,0.8421,0.7854,0.9471
patient0253,17,0.8947,0.7715,0.9511
patient0253,18,0.9474,0.7568,0.9483
patient0253,19,1.0,0.7418,0.9462
patient0255,0,0.0,1.0,1.0
patient0255,1,0.0333,0.9934,0.9859
patient0255,2,0.0667,0.9868,0.9739
patient0255,3,0.1,0.9798,0.9601
patient0255,4,0.1333,0.973,0.9472
patient0255,5,0.1667,0.9665,0.9431
patient0255,6,0.2,0.9599,0.941
patient0255,7,0.2333,0.9528,0.9406
patient0255,8,0.2667,0.9464,0.9415
patient0255,9,0.3,0.9396,0.9438
patient0255,10,0.3333,0.9335,0.9451
patient0255,11,0.3667,0.9263,0.9419
patient0255,12,0.4,0.9193,0.9399
patient0255,13,0.4333,0.9125,0.9384
patient0255,14,0.4667,0.9059,0.9375
patient0255,15,0.5,0.8994,0.9311
patient0255,16,0.5333,0.8924,0.9283
patient0255,17,0.5667,0.8857,0.9268
patient0255,18,0.6,0.879,0.9255
patient0255,19,0.6333,0.8724,0.9227
patient0255,20,0.6667,0.8655,0.9187
patient0255,21,0.7,0.8593,0.9113
patient0255,22,0.7333,0.8526,0.9054
patient0255,23,0.7667,0.846,0.8973
patient0255,24,0.8,0.8392,0.893
patient0255,25,0.8333,0.8328,0.8923
patient0255,26,0.8667,0.8262,0.8916
patient0255,27,0.9,0.8199,0.8942
patient0255,28,0.9333,0.8131,0.9019
patient0255,29,0.9667,0.8073,0.9124
patient0255,30,1.0,0.8005,0.9147
patient0256,0,0.0,1.0,1.0
patient0256,1,0.0476,0.9906,0.9837
patient0256,2,0.0952,0.9814,0.9723
patient0256,3,0.1429,0.972,0.9663
patient0256,4,0.1905,0.9623,0.9666
patient0256,5,0.2381,0.9533,0.9717
patient0256,6,0.2857,0.9438,0.9749
patient0256,7,0.3333,0.9339,0.9767
patient0256,8,0.381,0.9246,0.9757
patient0256,9,0.4286,0.9145,0.9709
patient0256,10,0.4762,0.9046,0.9676
patient0256,11,0.5238,0.8944,0.9608
patient0256,12,0.5714,0.8846,0.9553
patient0256,13,0.619,0.8742,0.9501
patient0256,14,0.6667,0.864,0.946
patient0256,15,0.7143,0.8538,0.9447
patient0256,16,0.7619,0.8434,0.9417
patient0256,17,0.8095,0.8327,0.9377
patient0256,18,0.8571,0.8225,0.9413
patient0256,19,0.9048,0.8118,0.9474
patient0256,20,0.9524,0.801,0.951
patient0256,21,1.0,0.7897,0.9503
patient0257,0,0.0,1.0,1.0
patient0257,1,0.05,0.9862,0.9853
patient0257,2,0.1,0.972,0.9682
patient0257,3,0.15,0.958,0.9552
patient0257,4,0.2,0.9434,0.956
patient0257,5,0.25,0.9288,0.9576
patient0257,6,0.3,0.9143,0.9599
patient0257,7,0.35,0.8992,0.9586
patient0257,8,0.4,0.8841,0.955
patient0257,9,0.45,0.8687,0.9529
patient0257,10,0.5,0.8529,0.9446
patient0257,11,0.55,0.8374,0.9369
patient0257,12,0.6,0.8217,0.9324
patient0257,13,0.65,0.8056,0.9259
patient0257,14,0.7,0.7896,0.9196
patient0257,15,0.75,0.7732,0.9163
patient0257,16,0.8,0.7567,0.911
patient0257,17,0.85,0.7401,0.9096
patient0257,18,0.9,0.7231,0.9088
patient0257,19,0.95,0.7068,0.9053
patient0257,20,1.0,0.6897,0.8946
patient0259,0,0.0,1.0,1.0
patient0259,1,0.05,0.9924,0.9915
patient0259,2,0.1,0.9851,0.9845
patient0259,3,0.15,0.9778,0.9786
patient0259,4,0.2,0.9702,0.9749
patient0259,5,0.25,0.9627,0.9709
patient0259,6,0.3,0.9551,0.9681
patient0259,7,0.35,0.9473,0.9656
patient0259,8,0.4,0.9397,0.9628
patient0259,9,0.45,0.9318,0.9587
patient0259,10,0.5,0.924,0.9598
patient0259,11,0.55,0.9162,0.9564
patient0259,12,0.6,0.908,0.955
patient0259,13,0.65,0.8999,0.9522
patient0259,14,0.7,0.8919,0.9515
patient0259,15,0.75,0.8838,0.9518
patient0259,16,0.8,0.8753,0.9505
patient0259,17,0.85,0.867,0.9504
patient0259,18,0.9,0.8585,0.9495
patient0259,19,0.95,0.8501,0.9461
patient0259,20,1.0,0.8417,0.9399
patient0264,0,0.0,1.0,1.0
patient0264,1,0.0455,0.9954,0.9929
patient0264,2,0.0909,0.9912,0.9865
patient0264,3,0.1364,0.9864,0.9826
patient0264,4,0.1818,0.982,0.9775
patient0264,5,0.2273,0.9773,0.9739
patient0264,6,0.2727,0.9729,0.966
patient0264,7,0.3182,0.9681,0.9566
patient0264,8,0.3636,0.9635,0.9559
patient0264,9,0.4091,0.9587,0.9539
patient0264,10,0.4545,0.954,0.9553
patient0264,11,0.5,0.9494,0.9535
patient0264,12,0.5455,0.9444,0.9565
patient0264,13,0.5909,0.9399,0.9528
patient0264,14,0.6364,0.9346,0.9504
patient0264,15,0.6818,0.9299,0.9478
patient0264,16,0.7273,0.9248,0.9429
patient0264,17,0.7727,0.9202,0.9413
patient0264,18,0.8182,0.9152,0.938
patient0264,19,0.8636,0.9101,0.9348
patient0264,20,0.9091,0.9053,0.9353
patient0264,21,0.9545,0.9001,0.9352
patient0264,22,1.0,0.8952,0.9313
patient0265,0,0.0,1.0,1.0
patient0265,1,0.0357,0.9958,0.9899
patient0265,2,0.0714,0.9913,0.9764
patient0265,3,0.1071,0.9868,0.9701
patient0265,4,0.1429,0.9824,0.9656
patient0265,5,0.1786,0.9778,0.9642
patient0265,6,0.2143,0.9735,0.9626
patient0265,7,0.25,0.9693,0.9561
patient0265,8,0.2857,0.9646,0.9512
patient0265,9,0.3214,0.9602,0.9487
patient0265,10,0.3571,0.9556,0.946
patient0265,11,0.3929,0.9512,0.9434
patient0265,12,0.4286,0.9465,0.9426
patient0265,13,0.4643,0.9422,0.9402
patient0265,14,0.5,0.9377,0.9389
patient0265,15,0.5357,0.933,0.9457
patient0265,16,0.5714,0.9285,0.9464
patient0265,17,0.6071,0.9239,0.9463
patient0265,18,0.6429,0.9194,0.9442
patient0265,19,0.6786,0.9148,0.9456
patient0265,20,0.7143,0.9102,0.9458
patient0265,21,0.75,0.9057,0.9454
patient0265,22,0.7857,0.9009,0.9433
patient0265,23,0.8214,0.8965,0.9424
patient0265,24,0.8571,0.892,0.9406
patient0265,25,0.8929,0.8872,0.9386
patient0265,26,0.9286,0.8827,0.9364
patient0265,27,0.9643,0.8779,0.9311
patient0265,28,1.0,0.8735,0.9297
patient0267,0,0.0,1.0,1.0
patient0267,1,0.05,0.9836,0.9786
patient0267,2,0.1,0.9676,0.9632
patient0267,3,0.15,0.9514,0.941
patient0267,4,0.2,0.9343,0.9252
patient0267,5,0.25,0.917,0.9093
patient0267,6,0.3,0.8996,0.89
patient0267,7,0.35,0.8821,0.8705
patient0267,8,0.4,0.864,0.8803
patient0267,9,0.45,0.8464,0.8753
patient0267,10,0.5,0.8272,0.8758
patient0267,11,0.55,0.8089,0.876
patient0267,12,0.6,0.7895,0.8858
patient0267,13,0.65,0.7704,0.8941
patient0267,14,0.7,0.7505,0.9051
patient0267,15,0.75,0.7306,0.9085
patient0267,16,0.8,0.7116,0.9161
patient0267,17,0.85,0.6913,0.9143
patient0267,18,0.9,0.6708,0.9034
patient0267,19,0.95,0.6501,0.8826
patient0267,20,1.0,0.6296,0.8737
patient0268,0,0.0,1.0,1.0
patient0268,1,0.0625,0.9821,0.9829
patient0268,2,0.125,0.964,0.972
patient0268,3,0.1875,0.9461,0.9637
patient0268,4,0.25,0.9271,0.9543
patient0268,5,0.3125,0.9082,0.9456
patient0268,6,0.375,0.8892,0.9352
patient0268,7,0.4375,0.8697,0.9246
patient0268,8,0.5,0.8499,0.9179
patient0268,9,0.5625,0.8298,0.9061
patient0268,10,0.625,0.8099,0.8958
patient0268,11,0.6875,0.7892,0.8844
patient0268,12,0.75,0.7688,0.8711
patient0268,13,0.8125,0.7485,0.8563
patient0268,14,0.875,0.7273,0.8401
patient0268,15,0.9375,0.706,0.8254
patient0268,16,1.0,0.685,0.8096
patient0270,0,0.0,1.0,1.0
patient0270,1,0.0588,0.9851,0.9793
patient0270,2,0.1176,0.9691,0.9707
patient0270,3,0.1765,0.9532,0.9652
patient0270,4,0.2353,0.9375,0.9591
patient0270,5,0.2941,0.9214,0.9545
patient0270,6,0.3529,0.9052,0.9536
patient0270,7,0.4118,0.8886,0.953
patient0270,8,0.4706,0.8717,0.9534
patient0270,9,0.5294,0.8551,0.9523
patient0270,10,0.5882,0.8381,0.953
patient0270,11,0.6471,0.8209,0.9525
patient0270,12,0.7059,0.8035,0.9519
patient0270,13,0.7647,0.7858,0.9514
patient0270,14,0.8235,0.768,0.9492
patient0270,15,0.8824,0.7503,0.9491
patient0270,16,0.9412,0.7318,0.9505
patient0270,17,1.0,0.7141,0.9332
patient0271,0,0.0,1.0,1.0
patient0271,1,0.0588,0.9843,0.9834
patient0271,2,0.1176,0.9683,0.9723
patient0271,3,0.1765,0.952,0.971
patient0271,4,0.2353,0.9356,0.9721
patient0271,5,0.2941,0.9185,0.9704
patient0271,6,0.3529,0.9015,0.9641
patient0271,7,0.4118,0.8842,0.9557
patient0271,8,0.4706,0.8669,0.947
patient0271,9,0.5294,0.8488,0.9436
patient0271,10,0.5882,0.8309,0.9382
patient0271,11,0.6471,0.8125,0.9351
patient0271,12,0.7059,0.7941,0.9312
patient0271,13,0.7647,0.7748,0.9254
patient0271,14,0.8235,0.756,0.9196
patient0271,15,0.8824,0.7366,0.9196
patient0271,16,0.9412,0.717,0.9151
patient0271,17,1.0,0.6969,0.9042
patient0272,0,0.0,1.0,1.0
patient0272,1,0.0625,0.9853,0.985
patient0272,2,0.125,0.9704,0.9673
patient0272,3,0.1875,0.9553,0.9565
patient0272,4,0.25,0.9402,0.9478
patient0272,5,0.3125,0.9247,0.94
patient0272,6,0.375,0.909,0.9314
patient0272,7,0.4375,0.8927,0.9188
patient0272,8,0.5,0.8759,0.9088
patient0272,9,0.5625,0.8599,0.8976
patient0272,10,0.625,0.843,0.8938
patient0272,11,0.6875,0.8258,0.8862
patient0272,12,0.75,0.8083,0.8802
patient0272,13,0.8125,0.7905,0.8785
patient0272,14,0.875,0.7726,0.8763
patient0272,15,0.9375,0.7544,0.8742
patient0272,16,1.0,0.736,0.8676
patient0279,0,0.0,1.0,1.0
patient0279,1,0.05,0.9912,0.9808
patient0279,2,0.1,0.9822,0.9671
patient0279,3,0.15,0.9728,0.9583
patient0279,4,0.2,0.9638,0.9462
patient0279,5,0.25,0.9543,0.9349
patient0279,6,0.3,0.945,0.9296
patient0279,7,0.35,0.9352,0.9327
patient0279,8,0.4,0.9258,0.9337
patient0279,9,0.45,0.9163,0.9356
patient0279,10,0.5,0.9067,0.9354
patient0279,11,0.55,0.8967,0.9294
patient0279,12,0.6,0.8871,0.9256
patient0279,13,0.65,0.8771,0.9184
patient0279,14,0.7,0.8671,0.9144
patient0279,15,0.75,0.857,0.9089
patient0279,16,0.8,0.847,0.9039
patient0279,17,0.85,0.8366,0.9004
patient0279,18,0.9,0.8263,0.8973
patient0279,19,0.95,0.8163,0.8873
patient0279,20,1.0,0.8057,0.8751
patient0280,0,0.0,1.0,1.0
patient0280,1,0.0909,0.9877,0.982
patient0280,2,0.1818,0.9745,0.975
patient0280,3,0.2727,0.9606,0.9761
patient0280,4,0.3636,0.9472,0.9692
patient0280,5,0.4545,0.9332,0.9612
patient0280,6,0.5455,0.9192,0.9516
patient0280,7,0.6364,0.9051,0.9516
patient0280,8,0.7273,0.8902,0.9424
patient0280,9,0.8182,0.8761,0.9317
patient0280,10,0.9091,0.8609,0.9223
patient0280,11,1.0,0.8461,0.9086
patient0282,0,0.0,1.0,1.0
patient0282,1,0.0625,0.9928,0.9914
patient0282,2,0.125,0.9855,0.9877
patient0282,3,0.1875,0.9786,0.9837
patient0282,4,0.25,0.9718,0.9826
patient0282,5,0.3125,0.9647,0.9802
patient0282,6,0.375,0.9576,0.9758
patient0282,7,0.4375,0.9504,0.9706
patient0282,8,0.5,0.943,0.9605
patient0282,9,0.5625,0.9363,0.9541
patient0282,10,0.625,0.9289,0.9419
patient0282,11,0.6875,0.9219,0.9331
patient0282,12,0.75,0.9144,0.9243
patient0282,13,0.8125,0.9072,0.9192
patient0282,14,0.875,0.9001,0.918
patient0282,15,0.9375,0.8927,0.9223
patient0282,16,1.0,0.8855,0.9253
patient0283,0,0.0,1.0,1.0
patient0283,1,0.0556,0.9875,0.9855
patient0283,2,0.1111,0.9747,0.9801
patient0283,3,0.1667,0.9616,0.9764
patient0283,4,0.2222,0.9487,0.9732
patient0283,5,0.2778,0.9357,0.9684
patient0283,6,0.3333,0.9219,0.9634
patient0283,7,0.3889,0.9086,0.9587
patient0283,8,0.4444,0.8948,0.9479
patient0283,9,0.5,0.881,0.9469
patient0283,10,0.5556,0.8669,0.9426
patient0283,11,0.6111,0.8526,0.9377
patient0283,12,0.6667,0.8386,0.9326
patient0283,13,0.7222,0.8242,0.9301
patient0283,14,0.7778,0.8093,0.9234
patient0283,15,0.8333,0.7943,0.9158
patient0283,16,0.8889,0.7792,0.9116
patient0283,17,0.9444,0.7644,0.9086
patient0283,18,1.0,0.7494,0.883
patient0284,0,0.0,1.0,1.0
patient0284,1,0.0588,0.996,0.9863
patient0284,2,0.1176,0.99,0.9767
patient0284,3,0.1765,0.9858,0.9722
patient0284,4,0.2353,0.9804,0.9713
patient0284,5,0.2941,0.9757,0.9719
patient0284,6,0.3529,0.9709,0.9703
patient0284,7,0.4118,0.9657,0.9698
patient0284,8,0.4706,0.9608,0.968
patient0284,9,0.5294,0.956,0.9657
patient0284,10,0.5882,0.9507,0.965
patient0284,11,0.6471,0.9456,0.9636
patient0284,12,0.7059,0.9404,0.9627
patient0284,13,0.7647,0.9352,0.9622
patient0284,14,0.8235,0.9304,0.9635
patient0284,15,0.8824,0.925,0.9647
patient0284,16,0.9412,0.9197,0.9657
patient0284,17,1.0,0.9143,0.9653
patient0286,0,0.0,1.0,1.0
patient0286,1,0.0909,0.9965,0.9934
patient0286,2,0.1818,0.9932,0.9887
patient0286,3,0.2727,0.9896,0.981
patient0286,4,0.3636,0.9859,0.9752
patient0286,5,0.4545,0.9828,0.9715
patient0286,6,0.5455,0.9791,0.9691
patient0286,7,0.6364,0.9757,0.9708
patient0286,8,0.7273,0.9723,0.973
patient0286,9,0.8182,0.9692,0.9758
patient0286,10,0.9091,0.9656,0.9762
patient0286,11,1.0,0.9621,0.9718
patient0287,0,0.0,1.0,1.0
patient0287,1,0.1111,0.9818,0.9742
patient0287,2,0.2222,0.9635,0.9678
patient0287,3,0.3333,0.9447,0.964
patient0287,4,0.4444,0.9263,0.9551
patient0287,5,0.5556,0.9066,0.9454
patient0287,6,0.6667,0.8871,0.9422
patient0287,7,0.7778,0.8677,0.9319
patient0287,8,0.8889,0.8476,0.9275
patient0287,9,1.0,0.8267,0.9173
patient0288,0,0.0,1.0,1.0
patient0288,1,0.0714,0.9861,0.9897
patient0288,2,0.1429,0.972,0.9839
patient0288,3,0.2143,0.9581,0.9823
patient0288,4,0.2857,0.9436,0.9783
patient0288,5,0.3571,0.9298,0.9712
patient0288,6,0.4286,0.9151,0.9654
patient0288,7,0.5,0.9001,0.967
patient0288,8,0.5714,0.8852,0.9585
patient0288,9,0.6429,0.87,0.9509
patient0288,10,0.7143,0.8547,0.9449
patient0288,11,0.7857,0.8388,0.9402
patient0288,12,0.8571,0.8231,0.9374
patient0288,13,0.9286,0.8073,0.9308
patient0288,14,1.0,0.7912,0.9235
patient0289,0,0.0,1.0,1.0
patient0289,1,0.0625,0.981,0.9892
patient0289,2,0.125,0.9615,0.9815
patient0289,3,0.1875,0.9412,0.9736
patient0289,4,0.25,0.9207,0.9692
patient0289,5,0.3125,0.9006,0.9662
patient0289,6,0.375,0.8796,0.9562
patient0289,7,0.4375,0.8577,0.9538
patient0289,8,0.5,0.8361,0.9476
patient0289,9,0.5625,0.8141,0.941
patient0289,10,0.625,0.7914,0.9296
patient0289,11,0.6875,0.7687,0.9203
patient0289,12,0.75,0.745,0.9067
patient0289,13,0.8125,0.7216,0.9022
patient0289,14,0.875,0.6983,0.8835
patient0289,15,0.9375,0.6744,0.8747
patient0289,16,1.0,0.6502,0.8567
patient0290,0,0.0,1.0,1.0
patient0290,1,0.0588,0.9889,0.9835
patient0290,2,0.1176,0.978,0.9694
patient0290,3,0.1765,0.9667,0.9585
patient0290,4,0.2353,0.9563,0.9486
patient0290,5,0.2941,0.9451,0.9421
patient0290,6,0.3529,0.9343,0.9315
patient0290,7,0.4118,0.923,0.9287
patient0290,8,0.4706,0.912,0.924
patient0290,9,0.5294,0.9007,0.9217
patient0290,10,0.5882,0.8895,0.9147
patient0290,11,0.6471,0.8784,0.9125
patient0290,12,0.7059,0.8671,0.9136
patient0290,13,0.7647,0.8558,0.9106
patient0290,14,0.8235,0.8447,0.9071
patient0290,15,0.8824,0.8336,0.9035
patient0290,16,0.9412,0.8222,0.9003
patient0290,17,1.0,0.8113,0.8953
patient0291,0,0.0,1.0,1.0
patient0291,1,0.05,0.9893,0.9873
patient0291,2,0.1,0.9787,0.9748
patient0291,3,0.15,0.9678,0.9644
patient0291,4,0.2,0.9572,0.9522
patient0291,5,0.25,0.9464,0.9468
patient0291,6,0.3,0.9358,0.9412
patient0291,7,0.35,0.9247,0.9314
patient0291,8,0.4,0.9142,0.9307
patient0291,9,0.45,0.9034,0.9325
patient0291,10,0.5,0.8925,0.933
patient0291,11,0.55,0.8819,0.9326
patient0291,12,0.6,0.871,0.9293
patient0291,13,0.65,0.8601,0.9268
patient0291,14,0.7,0.8495,0.9246
patient0291,15,0.75,0.8385,0.9115
patient0291,16,0.8,0.8275,0.9109
patient0291,17,0.85,0.8171,0.9089
patient0291,18,0.9,0.8064,0.8909
patient0291,19,0.95,0.7954,0.8955
patient0291,20,1.0,0.7846,0.8986
patient0292,0,0.0,1.0,1.0
patient0292,1,0.037,0.9958,0.9895
patient0292,2,0.0741,0.9916,0.9836
patient0292,3,0.1111,0.9873,0.9777
patient0292,4,0.1481,0.9832,0.9732
patient0292,5,0.1852,0.9789,0.9626
patient0292,6,0.2222,0.9747,0.9534
patient0292,7,0.2593,0.9703,0.9485
patient0292,8,0.2963,0.9663,0.9504
patient0292,9,0.3333,0.962,0.9473
patient0292,10,0.3704,0.9575,0.945
patient0292,11,0.4074,0.9531,0.9457
patient0292,12,0.4444,0.9489,0.9416
patient0292,13,0.4815,0.9445,0.9419
patient0292,14,0.5185,0.9401,0.9359
patient0292,15,0.5556,0.9356,0.9323
patient0292,16,0.5926,0.9313,0.9262
patient0292,17,0.6296,0.9268,0.9204
patient0292,18,0.6667,0.9223,0.9183
patient0292,19,0.7037,0.9178,0.9174
patient0292,20,0.7407,0.9133,0.9189
patient0292,21,0.7778,0.909,0.9199
patient0292,22,0.8148,0.9044,0.9242
patient0292,23,0.8519,0.8998,0.925
patient0292,24,0.8889,0.8952,0.9257
patient0292,25,0.9259,0.8906,0.931
patient0292,26,0.963,0.8862,0.9337
patient0292,27,1.0,0.8815,0.9214
patient0294,0,0.0,1.0,1.0
patient0294,1,0.0625,0.9828,0.9837
patient0294,2,0.125,0.9651,0.9672
patient0294,3,0.1875,0.9472,0.9466
patient0294,4,0.25,0.9288,0.9258
patient0294,5,0.3125,0.9104,0.922
patient0294,6,0.375,0.8911,0.9129
patient0294,7,0.4375,0.8717,0.9068
patient0294,8,0.5,0.8519,0.9054
patient0294,9,0.5625,0.832,0.8977
patient0294,10,0.625,0.8117,0.9086
patient0294,11,0.6875,0.7904,0.9126
patient0294,12,0.75,0.7695,0.9107
patient0294,13,0.8125,0.7478,0.913
patient0294,14,0.875,0.7261,0.9135
patient0294,15,0.9375,0.7038,0.9073
patient0294,16,1.0,0.6809,0.8944
patient0297,0,0.0,1.0,1.0
patient0297,1,0.0625,0.9847,0.965
patient0297,2,0.125,0.9684,0.9527
patient0297,3,0.1875,0.9525,0.9574
patient0297,4,0.25,0.9366,0.9661
patient0297,5,0.3125,0.9202,0.9638
patient0297,6,0.375,0.903,0.9601
patient0297,7,0.4375,0.8864,0.9572
patient0297,8,0.5,0.8697,0.9523
patient0297,9,0.5625,0.8529,0.9446
patient0297,10,0.625,0.8356,0.9435
patient0297,11,0.6875,0.8181,0.9415
patient0297,12,0.75,0.8001,0.9365
patient0297,13,0.8125,0.783,0.9269
patient0297,14,0.875,0.765,0.9159
patient0297,15,0.9375,0.747,0.9052
patient0297,16,1.0,0.7288,0.902
patient0298,0,0.0,1.0,1.0
patient0298,1,0.05,0.9925,0.9881
patient0298,2,0.1,0.9843,0.9881
patient0298,3,0.15,0.9762,0.9866
patient0298,4,0.2,0.9671,0.9861
patient0298,5,0.25,0.9586,0.9843
patient0298,6,0.3,0.9504,0.9791
patient0298,7,0.35,0.9414,0.9757
patient0298,8,0.4,0.9334,0.9731
patient0298,9,0.45,0.9245,0.9721
patient0298,10,0.5,0.9159,0.9724
patient0298,11,0.55,0.9073,0.9701
patient0298,12,0.6,0.8981,0.97
patient0298,13,0.65,0.8895,0.9663
patient0298,14,0.7,0.8806,0.9632
patient0298,15,0.75,0.8724,0.959
patient0298,16,0.8,0.8627,0.9523
patient0298,17,0.85,0.8541,0.9481
patient0298,18,0.9,0.8447,0.9432
patient0298,19,0.95,0.8361,0.9372
patient0298,20,1.0,0.8268,0.9316
patient0299,0,0.0,1.0,1.0
patient0299,1,0.0312,0.9926,0.9888
patient0299,2,0.0625,0.9852,0.9816
patient0299,3,0.0938,0.9775,0.9756
patient0299,4,0.125,0.9699,0.9637
patient0299,5,0.1562,0.9624,0.9527
patient0299,6,0.1875,0.9546,0.9455
patient0299,7,0.2188,0.9467,0.9399
patient0299,8,0.25,0.9388,0.9397
patient0299,9,0.2812,0.9314,0.9313
patient0299,10,0.3125,0.9228,0.9277
patient0299,11,0.3438,0.9146,0.9283
patient0299,12,0.375,0.9072,0.9281
patient0299,13,0.4062,0.8987,0.9261
patient0299,14,0.4375,0.8902,0.9274
patient0299,15,0.4688,0.8824,0.9262
patient0299,16,0.5,0.8741,0.9252
patient0299,17,0.5312,0.8657,0.9217
patient0299,18,0.5625,0.8575,0.9166
patient0299,19,0.5938,0.8488,0.914
patient0299,20,0.625,0.8402,0.9111
patient0299,21,0.6562,0.8318,0.9076
patient0299,22,0.6875,0.8233,0.9075
patient0299,23,0.7188,0.8144,0.9025
patient0299,24,0.75,0.8052,0.8998
patient0299,25,0.7812,0.7969,0.8944
patient0299,26,0.8125,0.7876,0.8919
patient0299,27,0.8438,0.7792,0.887
patient0299,28,0.875,0.7702,0.8802
patient0299,29,0.9062,0.7612,0.8779
patient0299,30,0.9375,0.7525,0.8741
patient0299,31,0.9688,0.7431,0.8673
patient0299,32,1.0,0.734,0.8624
patient0303,0,0.0,1.0,1.0
patient0303,1,0.0667,0.9896,0.9776
patient0303,2,0.1333,0.979,0.9646
patient0303,3,0.2,0.9682,0.9523
patient0303,4,0.2667,0.9572,0.9498
patient0303,5,0.3333,0.9463,0.9556
patient0303,6,0.4,0.9352,0.9603
patient0303,7,0.4667,0.9236,0.9626
patient0303,8,0.5333,0.9123,0.964
patient0303,9,0.6,0.9009,0.968
patient0303,10,0.6667,0.8892,0.9655
patient0303,11,0.7333,0.8774,0.9679
patient0303,12,0.8,0.8654,0.9651
patient0303,13,0.8667,0.8537,0.959
patient0303,14,0.9333,0.8418,0.9495
patient0303,15,1.0,0.8294,0.9376
patient0304,0,0.0,1.0,1.0
patient0304,1,0.0455,0.9863,0.9833
patient0304,2,0.0909,0.9726,0.9693
patient0304,3,0.1364,0.9584,0.9582
patient0304,4,0.1818,0.9443,0.9535
patient0304,5,0.2273,0.9301,0.9476
patient0304,6,0.2727,0.915,0.94
patient0304,7,0.3182,0.9003,0.9363
patient0304,8,0.3636,0.8854,0.933
patient0304,9,0.4091,0.8703,0.932
patient0304,10,0.4545,0.8548,0.9307
patient0304,11,0.5,0.839,0.925
patient0304,12,0.5455,0.8232,0.9226
patient0304,13,0.5909,0.8071,0.9212
patient0304,14,0.6364,0.7913,0.9174
patient0304,15,0.6818,0.7752,0.9124
patient0304,16,0.7273,0.7586,0.9064
patient0304,17,0.7727,0.7416,0.901
patient0304,18,0.8182,0.7248,0.8971
patient0304,19,0.8636,0.7078,0.8915
patient0304,20,0.9091,0.6907,0.8839
patient0304,21,0.9545,0.6735,0.8704
patient0304,22,1.0,0.6559,0.8522
patient0305,0,0.0,1.0,1.0
patient0305,1,0.0625,0.9943,0.9884
patient0305,2,0.125,0.9887,0.9798
patient0305,3,0.1875,0.9828,0.9754
patient0305,4,0.25,0.9768,0.9668
patient0305,5,0.3125,0.9711,0.962
patient0305,6,0.375,0.9651,0.9561
patient0305,7,0.4375,0.959,0.9571
patient0305,8,0.5,0.9529,0.9571
patient0305,9,0.5625,0.9469,0.9588
patient0305,10,0.625,0.9408,0.9592
patient0305,11,0.6875,0.9345,0.9573
patient0305,12,0.75,0.9284,0.9543
patient0305,13,0.8125,0.9218,0.9539
patient0305,14,0.875,0.9158,0.9525
patient0305,15,0.9375,0.9093,0.9466
patient0305,16,1.0,0.903,0.9425
patient0308,0,0.0,1.0,1.0
patient0308,1,0.0385,0.9963,0.9941
patient0308,2,0.0769,0.9925,0.9893
patient0308,3,0.1154,0.9885,0.9862
patient0308,4,0.1538,0.9851,0.9816
patient0308,5,0.1923,0.9811,0.9817
patient0308,6,0.2308,0.9775,0.9795
patient0308,7,0.2692,0.9739,0.9777
patient0308,8,0.3077,0.9699,0.9755
patient0308,9,0.3462,0.9664,0.9747
patient0308,10,0.3846,0.9623,0.9723
patient0308,11,0.4231,0.9585,0.9691
patient0308,12,0.4615,0.9549,0.9651
patient0308,13,0.5,0.951,0.9637
patient0308,14,0.5385,0.9472,0.9616
patient0308,15,0.5769,0.9432,0.961
patient0308,16,0.6154,0.9396,0.9608
patient0308,17,0.6538,0.9357,0.9589
patient0308,18,0.6923,0.9317,0.9576
patient0308,19,0.7308,0.9277,0.9558
patient0308,20,0.7692,0.9237,0.956
patient0308,21,0.8077,0.9202,0.955
patient0308,22,0.8462,0.916,0.9563
patient0308,23,0.8846,0.9122,0.9566
patient0308,24,0.9231,0.9082,0.9547
patient0308,25,0.9615,0.9041,0.9535
patient0308,26,1.0,0.9003,0.948
patient0314,0,0.0,1.0,1.0
patient0314,1,0.0833,0.9696,0.9763
patient0314,2,0.1667,0.9388,0.9609
patient0314,3,0.25,0.9074,0.9451
patient0314,4,0.3333,0.8754,0.9244
patient0314,5,0.4167,0.843,0.9053
patient0314,6,0.5,0.8098,0.903
patient0314,7,0.5833,0.7763,0.8986
patient0314,8,0.6667,0.7423,0.9097
patient0314,9,0.75,0.7075,0.9167
patient0314,10,0.8333,0.6723,0.917
patient0314,11,0.9167,0.6364,0.9156
patient0314,12,1.0,0.6003,0.9047
patient0315,0,0.0,1.0,1.0
patient0315,1,0.0556,0.9932,0.9922
patient0315,2,0.1111,0.9864,0.9877
patient0315,3,0.1667,0.9796,0.9822
patient0315,4,0.2222,0.9728,0.9751
patient0315,5,0.2778,0.9663,0.9712
patient0315,6,0.3333,0.9595,0.9642
patient0315,7,0.3889,0.9528,0.9593
patient0315,8,0.4444,0.946,0.9561
patient0315,9,0.5,0.9391,0.953
patient0315,10,0.5556,0.9328,0.9509
patient0315,11,0.6111,0.9261,0.9486
patient0315,12,0.6667,0.9195,0.9468
patient0315,13,0.7222,0.9126,0.9446
patient0315,14,0.7778,0.9062,0.9419
patient0315,15,0.8333,0.8997,0.9407
patient0315,16,0.8889,0.8931,0.939
patient0315,17,0.9444,0.8867,0.9396
patient0315,18,1.0,0.8803,0.9371
patient0328,0,0.0,1.0,1.0
patient0328,1,0.0833,0.9882,0.9877
patient0328,2,0.1667,0.9761,0.9811
patient0328,3,0.25,0.9643,0.9779
patient0328,4,0.3333,0.952,0.9698
patient0328,5,0.4167,0.9398,0.9657
patient0328,6,0.5,0.928,0.9598
patient0328,7,0.5833,0.9154,0.9571
patient0328,8,0.6667,0.903,0.9537
patient0328,9,0.75,0.8907,0.951
patient0328,10,0.8333,0.8785,0.9434
patient0328,11,0.9167,0.8661,0.9359
patient0328,12,1.0,0.8536,0.9328
patient0333,0,0.0,1.0,1.0
patient0333,1,0.0588,0.9852,0.9745
patient0333,2,0.1176,0.9704,0.9585
patient0333,3,0.1765,0.9551,0.9387
patient0333,4,0.2353,0.9398,0.9238
patient0333,5,0.2941,0.9246,0.9198
patient0333,6,0.3529,0.9092,0.9138
patient0333,7,0.4118,0.8939,0.9215
patient0333,8,0.4706,0.8775,0.9228
patient0333,9,0.5294,0.8622,0.9223
patient0333,10,0.5882,0.8454,0.9226
patient0333,11,0.6471,0.8298,0.9209
patient0333,12,0.7059,0.8131,0.9233
patient0333,13,0.7647,0.7967,0.9256
patient0333,14,0.8235,0.7805,0.9246
patient0333,15,0.8824,0.7643,0.9231
patient0333,16,0.9412,0.7463,0.917
patient0333,17,1.0,0.73,0.9083
patient0334,0,0.0,1.0,1.0
patient0334,1,0.0667,0.9835,0.9823
patient0334,2,0.1333,0.9668,0.9741
patient0334,3,0.2,0.9503,0.9636
patient0334,4,0.2667,0.9331,0.9559
patient0334,5,0.3333,0.9155,0.9443
patient0334,6,0.4,0.8979,0.9363
patient0334,7,0.4667,0.88,0.9327
patient0334,8,0.5333,0.8615,0.9324
patient0334,9,0.6,0.8425,0.9279
patient0334,10,0.6667,0.8239,0.925
patient0334,11,0.7333,0.8053,0.9266
patient0334,12,0.8,0.7857,0.926
patient0334,13,0.8667,0.7661,0.9249
patient0334,14,0.9333,0.7463,0.9328
patient0334,15,1.0,0.726,0.9178
patient0341,0,0.0,1.0,1.0
patient0341,1,0.0588,0.9921,0.9824
patient0341,2,0.1176,0.984,0.9689
patient0341,3,0.1765,0.9757,0.9578
patient0341,4,0.2353,0.9674,0.9521
patient0341,5,0.2941,0.9589,0.9494
patient0341,6,0.3529,0.9507,0.9464
patient0341,7,0.4118,0.9422,0.9473
patient0341,8,0.4706,0.9336,0.9499
patient0341,9,0.5294,0.9248,0.952
patient0341,10,0.5882,0.9163,0.9536
patient0341,11,0.6471,0.9076,0.9525
patient0341,12,0.7059,0.8984,0.9497
patient0341,13,0.7647,0.8893,0.948
patient0341,14,0.8235,0.88,0.9455
patient0341,15,0.8824,0.8714,0.9416
patient0341,16,0.9412,0.8616,0.9364
patient0341,17,1.0,0.8525,0.9314
